{"loss": 0.5726732611656189, "accuracy": 0.7233451008796692, "recall": 0.6601705237515225, "f1": 0.006120524648662688}