{"loss": 0.8292825818061829, "accuracy": 0.05982912704348564, "recall": 0.8258221680876979, "f1": 0.002261692499887416}