{"loss": 0.019202178344130516, "accuracy": 0.9944928288459778, "recall": 0.8891595615103532, "f1": 0.29411764705882354}