{"loss": 0.7581602334976196, "accuracy": 0.39157769083976746, "recall": 0.2971985383678441, "f1": 0.0012590169348097543}