{
    "loss": 0.7581602334976196,
    "accuracy": 0.39157769083976746
}