{
    "loss": 0.6088632941246033,
    "accuracy": 0.9914563298225403
}