{
    "loss": 0.7703186869621277,
    "accuracy": 0.001786999637261033
}