{
    "loss": 0.02075355313718319,
    "accuracy": 0.9943246841430664
}