{
    "loss": 0.8779810070991516,
    "accuracy": 0.045729588717222214
}