{
    "loss": 0.8292825818061829,
    "accuracy": 0.05982912704348564
}