{
    "loss": 0.5726732611656189,
    "accuracy": 0.7233451008796692
}