{
    "loss": 0.7609153389930725,
    "accuracy": 0.27932989597320557
}