{
  "accuracy": [
    0.9802961349487305,
    0.9831621646881104,
    0.9862670302391052,
    0.9881179928779602,
    0.9894016981124878,
    0.9902376532554626,
    0.9908645749092102,
    0.9914616942405701,
    0.9915512204170227,
    0.9917303323745728,
    0.9910436868667603,
    0.9913123846054077,
    0.9914616942405701,
    0.9911631345748901,
    0.9908944368362427,
    0.9911332726478577,
    0.9900286793708801,
    0.9906556010246277,
    0.9905362129211426,
    0.9898495078086853,
    0.9894912838935852,
    0.9902077913284302,
    0.9898495078086853,
    0.9902077913284302,
    0.9902376532554626,
    0.9899689555168152,
    0.9900883436203003,
    0.9898793697357178,
    0.9897898435592651,
    0.9905958771705627,
    0.9896405339241028,
    0.9905362129211426,
    0.9899988174438477,
    0.9904764890670776,
    0.9902077913284302,
    0.9902675151824951,
    0.9903570413589478,
    0.9897898435592651,
    0.9909541606903076,
    0.9900585412979126,
    0.9903869032859802,
    0.9907451868057251,
    0.9899390935897827,
    0.9908944368362427,
    0.9904466271400452,
    0.9898197054862976,
    0.9913422465324402,
    0.9905958771705627,
    0.9911631345748901,
    0.9904466271400452,
    0.9911929965019226,
    0.9906257390975952,
    0.9900286793708801,
    0.9908645749092102,
    0.9906556010246277,
    0.9912228584289551,
    0.9914318323135376,
    0.9912526607513428,
    0.9910735487937927,
    0.9907153248786926,
    0.9905958771705627,
    0.9916109442710876,
    0.9911034107208252,
    0.9914914965629578,
    0.9914019703865051,
    0.9915512204170227,
    0.9913721084594727,
    0.9915512204170227,
    0.9913721084594727,
    0.9915512204170227,
    0.9919095039367676,
    0.9921483397483826,
    0.9912228584289551,
    0.9917303323745728,
    0.9921184778213501,
    0.9922080039978027,
    0.9917601943016052,
    0.9916109442710876,
    0.9918796420097351,
    0.9911631345748901,
    0.9922975897789001,
    0.9916109442710876,
    0.9917900562286377,
    0.9920288920402527,
    0.9917303323745728,
    0.9922080039978027,
    0.9922080039978027,
    0.9923871755599976,
    0.9919990301132202,
    0.9921483397483826,
    0.9914019703865051,
    0.9919691681861877,
    0.9923573136329651,
    0.9919393062591553,
    0.9924468398094177,
    0.9919095039367676,
    0.9925961494445801,
    0.9925662875175476,
    0.9925961494445801,
    0.9924767017364502
  ],
  "loss": [
    0.522914707660675,
    0.3098084628582001,
    0.21009711921215057,
    0.16734431684017181,
    0.1461951583623886,
    0.13129019737243652,
    0.12063496559858322,
    0.11234991252422333,
    0.10562989115715027,
    0.09954354166984558,
    0.09453636407852173,
    0.090032197535038,
    0.08637116104364395,
    0.0830933228135109,
    0.08049557358026505,
    0.07790972292423248,
    0.07627125829458237,
    0.07451244443655014,
    0.07304549962282181,
    0.07210870087146759,
    0.07100360095500946,
    0.07016564160585403,
    0.06924509257078171,
    0.06825648993253708,
    0.06739529222249985,
    0.06678693741559982,
    0.0662899985909462,
    0.06582847982645035,
    0.06528032571077347,
    0.06464951485395432,
    0.06428378820419312,
    0.06369716674089432,
    0.06328216195106506,
    0.06291747093200684,
    0.06252741813659668,
    0.06206081435084343,
    0.061841100454330444,
    0.06168674677610397,
    0.06136681139469147,
    0.06077162176370621,
    0.060718245804309845,
    0.060113873332738876,
    0.059804316610097885,
    0.05959559977054596,
    0.05953271687030792,
    0.05896409600973129,
    0.05924222245812416,
    0.05826650559902191,
    0.05822640284895897,
    0.05803826078772545,
    0.057529766112565994,
    0.05760286748409271,
    0.05776413157582283,
    0.057293519377708435,
    0.056565482169389725,
    0.05589095875620842,
    0.05574376508593559,
    0.05562235042452812,
    0.05535975098609924,
    0.05499397963285446,
    0.05492952838540077,
    0.05426520109176636,
    0.05393015593290329,
    0.053832996636629105,
    0.05340047553181648,
    0.05379929021000862,
    0.05278097093105316,
    0.05256405100226402,
    0.052572641521692276,
    0.05218135938048363,
    0.051740631461143494,
    0.051540542393922806,
    0.05156047269701958,
    0.05079786852002144,
    0.05051805078983307,
    0.05084807425737381,
    0.05106368660926819,
    0.04985211044549942,
    0.04969443380832672,
    0.050187643617391586,
    0.04962269961833954,
    0.04933331161737442,
    0.04845838621258736,
    0.048376310616731644,
    0.04818856343626976,
    0.04795379191637039,
    0.04884161800146103,
    0.04738851264119148,
    0.04729437455534935,
    0.046826381236314774,
    0.04691546410322189,
    0.04732866957783699,
    0.047454603016376495,
    0.04713941365480423,
    0.04726213216781616,
    0.04613262414932251,
    0.04542067274451256,
    0.04510710388422012,
    0.04528118297457695,
    0.044794898480176926
  ],
  "val_accuracy": [
    0.9804179072380066,
    0.985791027545929,
    0.9888955354690552,
    0.9903283715248108,
    0.9897313714027405,
    0.9904477596282959,
    0.9910447597503662,
    0.9914029836654663,
    0.9922388195991516,
    0.9921194314956665,
    0.9921194314956665,
    0.9927164316177368,
    0.992955207824707,
    0.9923582077026367,
    0.9923582077026367,
    0.9917612075805664,
    0.9915223717689514,
    0.9916418194770813,
    0.9910447597503662,
    0.9914029836654663,
    0.9918805956840515,
    0.9912835955619812,
    0.9919999837875366,
    0.9906865954399109,
    0.9910447597503662,
    0.990567147731781,
    0.990567147731781,
    0.9915223717689514,
    0.990805983543396,
    0.9909253716468811,
    0.9912835955619812,
    0.9909253716468811,
    0.9911642074584961,
    0.9903283715248108,
    0.9914029836654663,
    0.9900895357131958,
    0.9916418194770813,
    0.9912835955619812,
    0.9903283715248108,
    0.9915223717689514,
    0.9910447597503662,
    0.990567147731781,
    0.9912835955619812,
    0.990567147731781,
    0.9903283715248108,
    0.9922388195991516,
    0.9899701476097107,
    0.9914029836654663,
    0.9909253716468811,
    0.990567147731781,
    0.9897313714027405,
    0.9894925355911255,
    0.9910447597503662,
    0.9906865954399109,
    0.990805983543396,
    0.9922388195991516,
    0.9897313714027405,
    0.990805983543396,
    0.9914029836654663,
    0.9928358197212219,
    0.9919999837875366,
    0.9909253716468811,
    0.9925970435142517,
    0.9917612075805664,
    0.9911642074584961,
    0.9900895357131958,
    0.9906865954399109,
    0.993194043636322,
    0.9927164316177368,
    0.9915223717689514,
    0.9915223717689514,
    0.9912835955619812,
    0.9927164316177368,
    0.9917612075805664,
    0.9909253716468811,
    0.993194043636322,
    0.9922388195991516,
    0.9934328198432922,
    0.9934328198432922,
    0.9933134317398071,
    0.9898507595062256,
    0.9922388195991516,
    0.9924775958061218,
    0.9930746555328369,
    0.9922388195991516,
    0.9914029836654663,
    0.9918805956840515,
    0.9914029836654663,
    0.9934328198432922,
    0.9912835955619812,
    0.993194043636322,
    0.9947462677955627,
    0.9897313714027405,
    0.9919999837875366,
    0.9925970435142517,
    0.9928358197212219,
    0.9925970435142517,
    0.990805983543396,
    0.9917612075805664,
    0.9943880438804626
  ],