{
  "0.0": {
    "precision": 0.9998577396730858,
    "recall": 0.9954551248660379,
    "f1-score": 0.9976515751322468,
    "support": 635441.0
  },
  "1.0": {
    "precision": 0.20198949986184028,
    "recall": 0.8903775883069428,
    "f1-score": 0.3292792792792793,
    "support": 821.0
  },
  "accuracy": 0.9953195381776689,
  "macro avg": {
    "precision": 0.600923619767463,
    "recall": 0.9429163565864904,
    "f1-score": 0.6634654272057631,
    "support": 636262.0
  },
  "weighted avg": {
    "precision": 0.9988282112321526,
    "recall": 0.9953195381776689,
    "f1-score": 0.9967891416458918,
    "support": 636262.0
  }
}