{
  "0.0": {
    "precision": 0.9998765500486678,
    "recall": 0.9942024515257908,
    "f1-score": 0.9970314280393537,
    "support": 635441.0
  },
  "1.0": {
    "precision": 0.1678337474587757,
    "recall": 0.904993909866017,
    "f1-score": 0.28315548780487804,
    "support": 821.0
  },
  "accuracy": 0.9940873413782373,
  "macro avg": {
    "precision": 0.5838551487537218,
    "recall": 0.949598180695904,
    "f1-score": 0.6400934579221159,
    "support": 636262.0
  },
  "weighted avg": {
    "precision": 0.9988029244967312,
    "recall": 0.9940873413782373,
    "f1-score": 0.9961102789735091,
    "support": 636262.0
  }
}