{
  "loss": 0.01950901187956333,
  "accuracy": 0.9940873384475708
}