{
  "loss": 0.01868506334722042,
  "accuracy": 0.9953195452690125
}